{
  "project_info": {
    "project_number": "206359927105",
    "firebase_url": "https://cshelper-461b3.firebaseio.com",
    "project_id": "cshelper-461b3",
    "storage_bucket": "cshelper-461b3.appspot.com"
  },
  "client": [
    {
      "client_info": {
        "mobilesdk_app_id": "1:206359927105:android:e9ce33af9c41a146",
        "android_client_info": {
          "package_name": "com.example.xingyi.cs_helper"
        }
      },
      "oauth_client": [
        {
          "client_id": "206359927105-mg1hfhgb5mthaqnss7f7ng60f7b2dike.apps.googleusercontent.com",
          "client_type": 1,
          "android_info": {
            "package_name": "com.example.xingyi.cs_helper",
            "certificate_hash": "0c12d650547ccef3e4490bd575560bc530c40e07"
          }
        },
        {
          "client_id": "206359927105-reoehu02srtmbaf1i9aleg12s8u3qko5.apps.googleusercontent.com",
          "client_type": 3
        }
      ],
      "api_key": [
        {
          "current_key": "AIzaSyBALAVq4rpUaIfN6QFEN6qpU2KJDeAQIrY"
        }
      ],
      "services": {
        "analytics_service": {
          "status": 1
        },
        "appinvite_service": {
          "status": 2,
          "other_platform_oauth_client": [
            {
              "client_id": "206359927105-reoehu02srtmbaf1i9aleg12s8u3qko5.apps.googleusercontent.com",
              "client_type": 3
            }
          ]
        },
        "ads_service": {
          "status": 2
        }
      }
    }
  ],
  "configuration_version": "1"
}